,Equipe,Joueur,Pos,Buts (sans les pénaltys),Passes décisives,npxG+xA,Actions menant à un tir,% de passes réussies,Passes vers l'avant,Dribbles réussis,Pressions,Tacles,Interceptions,Balles contrées,Dégagements,Duels aérien gagnés
0,Manchester City,Joao Cancelo,DF,0.07,0.22,0.28,2.9,84.2,7.7,1.57,9.6,2.24,2.08,1.26,1.59,1.39
1,Manchester City,Rodri,MT,0.17,0.05,0.11,2.3,92.7,5.68,0.39,15.43,2.2,1.57,1.38,1.52,2.66
2,Manchester City,Bernardo Silva,"AT,MT",0.26,0.17,0.34,3.46,88.5,2.87,1.47,16.23,1.61,1.07,1.09,0.69,0.4
3,Manchester City,Aymeric Laporte,DF,0.1,0.0,0.14,0.87,94.6,6.02,0.1,4.58,1.12,1.02,0.85,2.51,2.21
4,Manchester City,Ruben Dias,DF,0.06,0.11,0.15,1.11,93.5,3.94,0.09,5.82,1.28,1.43,1.17,2.74,1.94
5,Manchester City,Kevin De Bruyne,MT,0.51,0.33,0.62,5.6,76.1,6.29,1.23,15.77,0.99,0.54,1.26,0.57,0.63
6,Manchester City,Phil Foden,AT,0.38,0.22,0.66,3.25,80.1,2.97,1.5,18.59,0.78,0.69,0.59,0.03,0.31
7,Manchester City,Raheem Sterling,AT,0.45,0.23,0.7,3.58,83.4,2.9,2.13,13.75,1.19,0.58,0.65,0.13,0.29
8,Manchester City,Jack Grealish,AT,0.15,0.15,0.51,5.19,86.3,3.94,1.55,13.0,1.1,0.72,0.91,0.3,0.68
9,Manchester City,Gabriel Jesus,AT,0.44,0.36,0.66,3.3,84.4,2.55,2.03,15.15,1.19,0.8,1.23,0.36,0.95
10,Manchester City,Ilkay Gundogan,MT,0.28,0.21,0.54,3.48,88.0,4.07,0.93,9.55,1.03,1.24,0.9,0.38,0.76
11,Manchester City,Kyle Walker,DF,0.04,0.07,0.07,1.71,87.7,4.87,0.48,8.59,1.41,1.52,1.3,1.23,1.12
12,Manchester City,Riyad Mahrez,AT,0.42,0.25,0.56,3.92,81.5,3.57,1.51,12.99,1.02,1.02,0.98,0.07,0.53
13,Manchester City,John Stones,DF,0.05,0.0,0.09,0.78,94.0,3.56,0.29,4.2,0.49,0.98,0.83,2.93,3.51
14,Manchester City,Oleksandr Zinchenko,DF,0.0,0.33,0.23,3.29,88.6,7.63,0.55,9.61,1.76,1.48,1.32,1.59,2.03
15,Manchester City,Fernandinho,"MT,DF",0.13,0.2,0.28,2.68,89.2,6.56,0.67,12.39,2.28,1.41,0.8,1.67,1.81
16,Manchester City,Nathan Ake,DF,0.22,0.0,0.15,0.65,91.6,3.03,0.0,7.28,1.3,2.23,1.01,3.6,3.82
17,Manchester City,Ferran Torres,AT,0.24,0.28,0.56,2.19,83.1,2.55,1.23,12.35,0.48,0.6,1.04,0.32,0.68
18,Liverpool,Virgil van Dijk,DF,0.07,0.05,0.07,0.62,90.9,3.33,0.12,3.9,0.64,1.4,0.9,3.98,4.12
19,Liverpool,Sadio Mane,AT,0.53,0.08,0.69,3.2,75.6,3.25,1.5,14.62,1.14,0.48,1.22,0.28,0.96
20,Liverpool,Joel Matip,DF,0.08,0.08,0.12,1.0,90.5,4.84,0.39,6.45,1.5,1.97,1.16,3.79,3.95
21,Liverpool,Mohamed Salah,AT,0.61,0.37,0.84,4.19,78.4,3.75,2.01,15.11,0.54,0.44,0.47,0.1,0.42
22,Liverpool,Jordan Henderson,MT,0.08,0.17,0.19,2.74,84.3,6.07,0.54,16.04,1.33,1.55,1.04,0.54,0.76
23,Liverpool,Andrew Robertson,DF,0.08,0.33,0.24,3.46,80.8,6.71,0.58,9.93,1.15,1.81,1.57,1.95,1.21
24,Liverpool,Diogo Jota,AT,0.49,0.15,0.78,3.24,74.7,2.75,1.33,22.96,1.36,0.8,0.77,0.28,1.2
25,Liverpool,Fabinho,MT,0.12,0.03,0.11,1.7,88.7,4.33,0.26,16.11,2.67,2.17,1.99,1.08,1.7
26,Liverpool,Thiago Alcantara,MT,0.09,0.17,0.19,3.23,90.0,9.62,0.87,19.19,3.37,2.27,1.27,1.27,2.05
27,Liverpool,Naby Keita,MT,0.22,0.16,0.35,3.0,86.5,5.63,1.15,24.47,3.28,1.37,1.8,0.44,0.49
28,Liverpool,Ibrahima Konate,DF,0.11,0.0,0.04,0.56,88.6,3.61,0.17,8.78,1.72,2.44,1.44,3.56,3.56
29,Liverpool,Luis Diaz,AT,0.4,0.2,0.6,3.9,85.1,3.5,2.9,14.96,1.1,0.6,0.85,0.2,0.95
30,Liverpool,Roberto Firmino,AT,0.69,0.28,0.69,2.84,79.8,3.39,1.59,23.31,3.46,0.69,1.59,0.28,1.25
31,Liverpool,Curtis Jones,MT,0.09,0.26,0.23,3.12,90.4,4.17,1.82,23.26,1.39,1.04,0.61,0.26,0.61
32,Liverpool,Kostas Tsimikas,DF,0.0,0.29,0.3,3.76,73.3,4.94,1.11,13.12,1.99,1.84,1.4,2.06,1.25
33,Liverpool,James Milner,"MT,DF",0.0,0.17,0.28,3.04,81.6,6.92,0.25,18.24,3.63,2.11,2.03,2.2,1.44
34,Liverpool,Joe Gomez,DF,0.0,0.15,0.11,1.7,82.4,6.97,1.24,10.38,1.55,2.63,0.93,2.63,4.18
35,Chelsea,Antonio Rudiger,DF,0.09,0.0,0.1,1.09,88.4,4.79,0.18,8.56,1.54,1.34,1.18,3.02,2.02
36,Chelsea,Thiago Silva,DF,0.08,0.03,0.04,0.99,93.1,4.34,0.1,5.75,1.12,2.01,1.96,3.45,2.3
37,Chelsea,Mason Mount,"AT,MT",0.33,0.39,0.54,4.26,78.1,4.77,0.82,20.59,1.69,0.69,0.85,0.33,0.42
38,Chelsea,Jorginho,MT,0.0,0.09,0.13,2.37,89.9,5.79,0.55,19.17,2.68,2.53,1.42,0.71,0.77
39,Chelsea,Marcos Alonso,DF,0.13,0.13,0.32,3.45,79.0,3.88,0.8,13.06,1.86,2.52,1.86,1.92,2.29
40,Chelsea,Cesar Azpilicueta,DF,0.06,0.1,0.13,1.65,84.1,5.11,0.63,15.26,2.19,1.74,2.54,2.82,2.06
41,Chelsea,Reece James,DF,0.22,0.33,0.34,3.66,86.6,5.45,1.65,13.87,2.3,1.28,1.39,1.13,1.17
42,Chelsea,Kai Havertz,"AT,MT",0.42,0.1,0.56,2.8,81.9,2.31,1.12,18.36,1.12,0.45,1.54,1.43,2.24
43,Chelsea,Andreas Christensen,DF,0.04,0.04,0.07,0.59,92.0,4.4,0.29,8.46,1.21,2.89,1.59,4.52,3.1
44,Chelsea,Trevoh Chalobah,DF,0.22,0.06,0.09,0.44,91.2,3.16,0.66,9.58,2.1,2.1,1.22,4.1,2.38
45,Chelsea,Romelu Lukaku,AT,0.42,0.0,0.55,2.5,74.8,0.99,0.8,11.13,0.24,0.05,0.57,0.99,2.55
46,Chelsea,Timo Werner,"AT,MT",0.45,0.17,0.68,1.98,76.1,1.47,1.13,17.05,0.56,0.34,0.62,0.23,0.62
47,Chelsea,Hakim Ziyech,"AT,MT",0.26,0.26,0.52,4.34,73.2,5.05,2.04,18.78,1.48,1.17,1.28,0.56,0.82
48,Chelsea,Christian Pulisic,"AT,MT",0.43,0.16,0.44,2.36,80.3,2.25,1.5,20.08,1.12,0.59,1.39,0.54,1.02
49,Chelsea,Malang Sarr,DF,0.0,0.0,0.06,0.97,89.8,3.48,0.14,11.82,2.09,1.67,2.23,4.31,2.64
50,Chelsea,Ben Chilwell,DF,0.33,0.11,0.33,2.86,76.9,2.09,0.22,14.95,2.09,1.43,1.43,2.2,1.1
51,Chelsea,Emerson Palmieri,DF,0.03,0.06,0.15,2.14,85.3,3.5,1.01,9.49,1.89,1.73,1.86,2.59,1.55
52,Tottenham Hotspur,Harry Kane,AT,0.36,0.25,0.73,3.26,69.2,3.26,1.73,10.53,0.53,0.19,0.61,1.06,2.65
53,Tottenham Hotspur,Eric Dier,DF,0.0,0.0,0.07,0.82,88.5,2.73,0.0,5.3,0.73,1.38,1.64,4.92,2.61
54,Tottenham Hotspur,Ben Davies,DF,0.04,0.04,0.08,1.03,85.9,4.15,0.28,9.54,1.42,1.6,1.38,3.3,2.73
55,Tottenham Hotspur,Emerson,DF,0.04,0.04,0.14,1.86,81.9,3.26,0.68,19.92,3.41,1.4,2.16,3.03,1.55
56,Tottenham Hotspur,Sergio Reguilon,DF,0.09,0.14,0.33,2.44,75.5,2.44,0.85,14.0,2.21,1.97,1.5,2.02,1.46
57,Tottenham Hotspur,Cristian Romero,DF,0.05,0.0,0.05,0.83,87.4,2.54,0.44,15.47,3.66,2.78,2.44,3.81,2.44
58,Tottenham Hotspur,Lucas Moura,"AT,MT",0.1,0.3,0.41,3.19,75.3,4.16,2.03,14.1,1.47,1.12,0.91,1.06,2.43
59,Tottenham Hotspur,Davinson Sanchez,DF,0.11,0.0,0.14,0.88,89.3,2.87,0.17,10.26,2.48,1.88,1.93,4.19,3.09
60,Tottenham Hotspur,Rodrigo Bentancur,MT,0.0,0.19,0.14,2.39,87.8,4.29,0.56,22.67,2.67,1.93,1.96,1.49,1.55
61,Tottenham Hotspur,Oliver Skipp,MT,0.0,0.0,0.07,1.47,89.5,4.6,0.13,18.33,2.2,1.27,1.67,0.93,0.8
62,Tottenham Hotspur,Dejan Kulusevski,"AT,MT",0.3,0.47,0.46,3.1,82.6,2.63,1.7,24.14,1.61,1.74,0.98,0.17,0.81
63,Tottenham Hotspur,Ryan Sessegnon,DF,0.0,0.17,0.28,1.81,74.3,3.01,0.43,19.77,2.32,1.63,2.58,1.89,1.12
64,Tottenham Hotspur,Japhet Tanganga,DF,0.0,0.0,0.09,0.37,82.6,2.2,0.37,13.47,2.57,2.08,1.96,3.67,2.33
65,Tottenham Hotspur,Harry Winks,MT,0.0,0.1,0.16,2.27,86.6,6.71,0.49,14.31,1.68,1.88,1.78,0.79,0.49
66,Tottenham Hotspur,Matt Doherty,DF,0.21,0.41,0.44,2.37,81.8,3.7,0.62,12.34,1.85,1.75,2.47,1.54,1.75
67,Tottenham Hotspur,Dele Alli,"AT,MT",0.0,0.0,0.17,1.63,76.8,2.8,0.81,30.39,3.08,2.44,3.08,1.72,1.72
68,Tottenham Hotspur,Dele Alli,"AT,MT",0.0,0.0,0.17,1.63,76.8,2.8,0.81,30.39,3.08,2.44,3.08,1.72,1.72
69,Tottenham Hotspur,Tanguy Ndombele,MT,0.12,0.18,0.22,1.92,88.4,4.74,2.28,19.5,2.58,1.14,1.02,0.84,0.72
70,Tottenham Hotspur,Steven Bergwijn,"AT,MT",0.48,0.16,0.59,3.19,83.1,2.39,1.59,13.38,0.8,0.64,0.64,1.43,0.16
71,Tottenham Hotspur,Giovani Lo Celso,"AT,MT",0.05,0.05,0.31,2.87,80.0,4.41,1.79,21.59,2.26,1.08,1.03,0.26,0.36
72,Tottenham Hotspur,Bryan,"AT,MT",0.0,0.11,0.24,2.55,66.7,2.66,2.44,23.48,1.81,0.64,1.49,0.32,0.32
73,Arsenal,Bukayo Saka,"AT,MT",0.27,0.21,0.46,4.29,75.3,2.21,1.48,14.99,1.12,0.94,1.24,0.57,0.91
74,Arsenal,Gabriel Dos Santos,DF,0.15,0.0,0.1,0.65,89.7,2.44,0.09,6.52,1.67,1.15,1.44,3.44,2.0
75,Arsenal,Ben White,DF,0.0,0.0,0.05,0.78,85.8,2.81,0.22,7.88,1.31,2.06,1.69,3.56,2.13
76,Arsenal,Granit Xhaka,"MT,DF",0.04,0.08,0.14,3.06,87.0,5.61,0.7,11.6,1.51,1.2,1.39,1.08,1.39
77,Arsenal,Thomas Partey,MT,0.09,0.04,0.17,2.26,85.9,5.15,1.29,12.91,2.44,1.46,1.24,1.42,1.02
78,Arsenal,Kieran Tierney,DF,0.05,0.14,0.12,1.79,77.7,3.57,0.52,7.61,0.99,1.46,1.64,2.16,0.75
79,Arsenal,Emile Smith Rowe,"AT,MT",0.47,0.09,0.37,3.05,85.2,2.67,1.5,11.99,0.94,0.94,0.7,0.61,0.37
80,Arsenal,Martinelli,"AT,MT",0.24,0.29,0.47,3.39,74.0,1.5,1.5,16.5,1.45,1.02,1.98,0.73,1.45
81,Arsenal,Alexandre Lacazette,"AT,MT",0.1,0.35,0.38,3.28,76.8,1.87,0.86,18.08,1.31,0.66,0.66,0.3,1.11
82,Arsenal,Takehiro Tomiyasu,DF,0.0,0.05,0.08,1.65,81.4,2.93,0.43,11.88,2.02,1.97,2.02,2.56,3.04
83,Arsenal,Cedric Soares,DF,0.06,0.06,0.12,2.18,78.7,3.09,0.42,11.75,2.36,1.21,1.45,2.12,1.33
84,Arsenal,Nuno Tavares,DF,0.08,0.08,0.19,1.99,81.8,2.14,1.53,11.86,1.53,1.84,1.61,2.3,1.99
85,Arsenal,Albert Sambi Lokonga,MT,0.0,0.0,0.11,2.7,89.7,4.84,0.32,10.95,1.75,1.83,1.43,1.43,1.67
86,Arsenal,Rob Holding,DF,0.11,0.0,0.03,0.32,88.2,1.49,0.11,6.6,1.28,1.6,2.66,5.33,2.98
87,Arsenal,Eddie Nketiah,AT,0.54,0.11,0.66,2.48,80.3,1.08,1.08,19.19,1.29,0.65,0.75,0.75,0.97
88,Arsenal,Mohamed Elneny,MT,0.0,0.22,0.08,1.45,93.5,2.68,0.0,12.06,1.9,2.01,1.01,1.34,1.23
89,Arsenal,Nicolas Pepe,"AT,MT",0.13,0.26,0.59,3.62,80.3,1.81,2.59,15.78,1.81,1.16,1.68,0.39,2.2
90,Arsenal,Pablo Mari,DF,0.12,0.0,0.11,0.36,73.6,1.66,0.18,9.35,1.42,2.54,2.13,5.92,3.73
91,Arsenal,Calum Chambers,DF,0.09,0.0,0.05,1.26,83.3,2.97,0.09,10.61,1.98,1.26,2.88,5.93,2.88
92,Arsenal,Calum Chambers,DF,0.09,0.0,0.05,1.26,83.3,2.97,0.09,10.61,1.98,1.26,2.88,5.93,2.88
93,Manchester United,Bruno Fernandes,MT,0.25,0.32,0.52,4.34,75.0,5.6,0.69,18.01,1.76,0.99,0.92,1.17,0.6
94,Manchester United,Harry Maguire,DF,0.06,0.0,0.07,0.71,87.5,2.92,0.09,6.32,1.48,1.8,1.45,4.46,3.63
95,Manchester United,Scott McTominay,MT,0.03,0.03,0.12,1.62,85.4,3.72,1.13,17.36,2.39,1.97,1.75,2.36,2.55
96,Manchester United,Cristiano Ronaldo,AT,0.61,0.09,0.63,2.76,82.1,1.83,0.81,6.54,0.35,0.29,0.41,1.13,1.66
97,Manchester United,Victor Lindelof,DF,0.0,0.06,0.03,0.39,90.2,2.1,0.0,6.25,0.78,1.85,1.62,4.44,2.2
98,Manchester United,Fred,MT,0.15,0.15,0.15,2.42,85.1,4.47,0.66,24.56,2.96,1.94,2.16,1.24,0.62
99,Manchester United,Jadon Sancho,"AT,MT",0.16,0.12,0.33,3.46,83.1,3.3,2.24,13.7,1.02,1.1,1.34,0.27,0.12
100,Manchester United,Raphael Varane,DF,0.04,0.04,0.05,0.41,90.2,2.06,0.08,8.08,1.2,1.86,1.57,4.86,3.09
101,Manchester United,Diogo Dalot,DF,0.0,0.0,0.08,1.99,80.0,5.04,0.84,11.81,3.01,2.03,1.72,3.14,2.03
102,Manchester United,Luke Shaw,DF,0.0,0.23,0.17,3.38,80.6,4.78,0.59,10.64,1.35,1.08,2.43,1.22,1.31
103,Manchester United,Alex Telles,DF,0.05,0.18,0.12,2.35,76.3,3.41,0.69,10.33,2.4,1.8,1.75,2.81,1.8
104,Manchester United,Paul Pogba,"AT,MT",0.05,0.48,0.33,2.97,83.5,5.31,2.28,17.68,1.43,1.12,0.96,1.54,2.39
105,Manchester United,Mason Greenwood,"AT,MT",0.34,0.11,0.39,3.09,79.9,2.8,1.89,12.29,1.09,0.23,0.46,0.34,0.34
106,Manchester United,Anthony Elanga,AT,0.19,0.13,0.38,1.36,77.0,0.97,1.04,21.23,1.88,1.23,1.62,0.39,1.95
107,Manchester United,Marcus Rashford,"AT,MT",0.3,0.12,0.31,2.11,72.0,1.99,1.27,17.75,0.78,0.78,1.03,0.36,1.33
108,Manchester United,Edinson Cavani,AT,0.21,0.11,0.53,1.17,79.7,1.07,0.43,12.67,0.53,0.96,1.07,0.96,0.85
109,Manchester United,Jesse Lingard,"AT,MT",0.37,0.19,0.39,3.34,85.8,2.04,0.74,26.35,2.41,1.11,0.56,0.37,0.19
110,Manchester United,Anthony Martial,AT,0.19,0.1,0.14,1.43,82.6,2.09,1.9,13.99,0.57,0.38,1.33,0.48,1.05
111,Manchester United,Daniel James,AT,0.14,0.14,0.3,2.02,65.2,1.77,0.65,22.07,1.41,0.69,0.94,0.47,0.58
112,Manchester United,Daniel James,AT,0.14,0.14,0.3,2.02,65.2,1.77,0.65,22.07,1.41,0.69,0.94,0.47,0.58
113,Manchester United,Donny van de Beek,MT,0.24,0.0,0.27,1.3,84.7,2.48,1.06,18.66,3.19,1.89,1.18,1.18,1.18
114,Manchester United,Donny van de Beek,MT,0.24,0.0,0.27,1.3,84.7,2.48,1.06,18.66,3.19,1.89,1.18,1.18,1.18
115,West Ham United,Declan Rice,MT,0.09,0.09,0.11,1.77,90.6,4.26,1.08,14.05,2.3,2.76,1.72,1.46,1.33
116,West Ham United,Jarrod Bowen,AT,0.38,0.28,0.52,2.8,67.6,1.66,0.93,17.46,1.23,1.08,1.39,0.3,1.28
117,West Ham United,Michail Antonio,AT,0.29,0.24,0.55,3.13,65.6,1.28,1.42,15.26,0.77,0.48,0.75,0.43,2.65
118,West Ham United,Pablo Fornals,"AT,MT",0.15,0.15,0.34,2.76,74.6,5.37,0.89,21.67,1.7,1.67,1.7,0.56,0.86
119,West Ham United,Aaron Cresswell,DF,0.05,0.13,0.16,1.81,80.4,5.29,0.11,6.73,0.95,1.53,1.47,2.29,1.16
120,West Ham United,Craig Dawson,DF,0.1,0.05,0.11,0.42,83.8,1.56,0.05,5.84,1.07,0.98,2.13,4.13,3.1
121,West Ham United,Said Benrahma,"AT,MT",0.37,0.2,0.35,3.07,75.9,2.87,1.69,16.71,1.69,0.57,0.88,0.24,0.57
122,West Ham United,Vladimir Coufal,DF,0.0,0.18,0.13,1.75,69.5,4.11,0.53,12.21,1.68,1.33,2.04,2.63,1.44
123,West Ham United,Kurt Zouma,DF,0.03,0.03,0.05,0.24,88.8,1.19,0.07,4.86,0.51,2.11,1.73,5.91,2.48
124,West Ham United,Manuel Lanzini,"AT,MT",0.07,0.11,0.19,2.75,90.5,4.47,0.92,19.36,1.54,1.28,0.99,0.29,0.26
125,West Ham United,Ben Johnson,DF,0.04,0.0,0.06,1.12,71.4,3.55,0.52,10.68,2.16,1.69,2.68,2.9,1.34
126,West Ham United,Angelo Ogbonna,DF,0.1,0.0,0.03,0.2,86.7,0.98,0.0,4.89,1.27,1.27,0.68,3.71,2.54
127,West Ham United,Issa Diop,DF,0.06,0.06,0.04,0.24,88.4,1.44,0.0,6.82,1.14,1.79,1.85,3.47,2.03
128,West Ham United,Mark Noble,MT,0.0,0.0,0.04,1.82,89.5,4.56,0.39,13.81,2.21,1.43,1.04,0.52,0.13
129,West Ham United,Ryan Fredericks,DF,0.0,0.0,0.05,0.51,75.2,2.57,0.0,8.04,1.54,1.88,1.2,2.74,1.88
130,West Ham United,Andriy Yarmolenko,AT,0.38,0.0,0.38,2.03,79.6,2.42,0.76,15.0,1.02,0.38,0.89,0.38,0.89
131,Leicester City,Youri Tielemans,MT,0.12,0.15,0.26,2.97,81.8,5.8,0.72,16.73,2.16,1.32,1.68,1.29,1.02
132,Leicester City,James Maddison,"AT,MT",0.43,0.33,0.52,4.11,72.8,3.85,1.58,18.51,1.58,0.82,0.99,0.36,0.23
133,Leicester City,Harvey Barnes,"AT,MT",0.27,0.45,0.45,2.5,74.3,3.03,1.29,12.54,1.33,0.42,1.02,0.27,0.98
134,Leicester City,Daniel Amartey,DF,0.04,0.0,0.02,0.66,92.4,2.7,0.26,7.72,1.17,1.42,1.97,4.41,1.89
135,Leicester City,Kiernan Dewsbury Hall,MT,0.08,0.12,0.2,2.82,77.1,4.23,1.14,20.62,1.8,1.1,1.88,1.14,1.14
136,Leicester City,Timothy Castagne,DF,0.03,0.0,0.09,1.15,83.2,2.97,0.52,14.14,2.69,1.47,2.17,2.51,1.68
137,Leicester City,Luke Thomas,DF,0.0,0.04,0.08,1.2,80.1,3.52,0.66,17.77,2.36,1.86,2.49,2.07,1.37
138,Leicester City,Jamie Vardy,AT,0.7,0.09,0.53,1.82,72.2,1.26,0.51,13.93,0.37,0.37,0.47,0.84,1.4
139,Leicester City,Wilfred Ndidi,"MT,DF",0.05,0.0,0.08,0.75,84.1,2.95,0.42,23.53,3.98,2.53,1.92,3.42,2.77
140,Leicester City,Ademola Lookman,"AT,MT",0.34,0.06,0.4,2.58,79.3,3.14,2.47,21.43,2.47,1.4,1.57,0.17,0.22
141,Leicester City,Jonny Evans,DF,0.11,0.05,0.1,0.6,84.9,3.05,0.05,7.73,1.58,2.12,1.69,3.97,3.43
142,Leicester City,Kelechi Iheanacho,AT,0.23,0.47,0.5,2.81,79.4,2.23,1.17,17.1,1.05,0.29,1.11,0.64,1.17
143,Leicester City,Patson Daka,AT,0.57,0.17,0.67,2.12,78.2,0.97,0.29,17.95,1.03,0.17,0.97,0.51,1.49
144,Leicester City,Ricardo Pereira,DF,0.09,0.26,0.19,2.32,80.5,3.69,0.94,18.79,4.29,2.14,2.49,2.83,1.97
145,Leicester City,Boubakary Soumare,MT,0.0,0.06,0.06,1.31,82.4,3.5,1.13,19.18,1.78,1.37,1.25,1.37,1.78
146,Leicester City,Nampalys Mendy,MT,0.0,0.0,0.0,0.52,92.6,1.83,0.26,13.52,1.4,1.13,1.4,0.78,0.52
147,Leicester City,Marc Albrighton,"AT,DF",0.08,0.15,0.19,1.54,62.7,2.69,1.23,23.58,2.99,1.92,2.3,0.92,0.54
148,Leicester City,James Justin,DF,0.0,0.0,0.14,1.44,80.2,3.61,0.36,16.32,2.8,2.43,2.53,2.98,1.53
149,Leicester City,Wesley Fofana,DF,0.0,0.0,0.04,0.57,89.7,2.14,0.29,8.0,1.43,2.29,0.86,4.0,3.29
150,Leicester City,Jannik Vestergaard,DF,0.0,0.0,0.05,0.48,90.8,2.26,0.48,8.57,2.26,1.9,1.9,6.19,3.1
151,Leicester City,Ayoze Perez,"AT,MT",0.42,0.56,0.53,4.21,79.5,3.93,1.54,24.39,1.68,1.82,2.24,0.7,1.12
152,Leicester City,Ryan Bertrand,DF,0.0,0.0,0.06,1.08,80.4,2.32,0.0,19.14,1.54,0.77,2.93,1.39,0.77
153,Brighton and Hove Albion,Marc Cucurella,DF,0.03,0.03,0.1,2.37,81.5,5.06,0.93,15.47,2.57,2.14,2.08,1.91,1.56
154,Brighton and Hove Albion,Joel Veltman,DF,0.03,0.03,0.06,1.13,78.1,3.6,0.44,10.96,2.82,2.1,2.04,3.04,2.16
155,Brighton and Hove Albion,Leandro Trossard,"AT,MT",0.22,0.1,0.32,2.92,77.3,3.91,1.89,15.34,1.19,0.93,1.35,0.26,0.32
156,Brighton and Hove Albion,Lewis Dunk,DF,0.04,0.0,0.05,0.52,89.1,1.89,0.17,4.37,0.7,1.61,1.47,4.16,3.18
157,Brighton and Hove Albion,Neal Maupay,AT,0.28,0.08,0.33,2.53,77.6,1.38,1.15,20.09,0.75,0.4,0.83,0.12,0.95
158,Brighton and Hove Albion,Yves Bissouma,MT,0.04,0.09,0.07,1.02,89.7,2.22,1.32,17.69,3.11,2.34,1.83,2.17,0.9
159,Brighton and Hove Albion,Pascal Gross,"MT,DF",0.09,0.18,0.33,4.02,74.8,4.55,0.44,17.71,1.37,0.71,1.72,1.06,0.79
160,Brighton and Hove Albion,Alexis Mac Allister,"AT,MT",0.13,0.08,0.24,2.8,81.1,4.62,0.76,23.95,3.09,1.02,1.91,0.85,1.19
161,Brighton and Hove Albion,Jakub Moder,"AT,MT",0.0,0.16,0.22,1.96,73.2,3.55,0.74,19.1,2.22,1.16,1.64,1.38,1.22
162,Brighton and Hove Albion,Adam Lallana,MT,0.0,0.06,0.11,1.56,87.4,3.4,1.1,17.47,2.19,1.56,1.5,0.86,0.81
163,Brighton and Hove Albion,Solly March,"AT,DF",0.0,0.1,0.22,3.45,72.2,2.84,1.29,13.4,1.96,1.6,1.7,1.19,1.13
164,Brighton and Hove Albion,Tariq Lamptey,"AT,DF",0.0,0.12,0.17,2.71,77.1,2.48,1.61,14.13,2.19,2.13,1.27,1.1,0.52
165,Brighton and Hove Albion,Adam Webster,DF,0.13,0.0,0.08,0.63,82.2,4.58,0.44,7.41,1.44,1.57,2.26,5.08,4.08
166,Brighton and Hove Albion,Danny Welbeck,AT,0.37,0.12,0.43,2.19,79.9,0.97,0.79,15.95,0.85,0.3,1.22,1.04,2.86
167,Brighton and Hove Albion,Shane Duffy,DF,0.06,0.0,0.09,0.5,88.8,2.19,0.13,5.33,1.0,1.13,2.19,5.7,5.08
168,Brighton and Hove Albion,Dan Burn,DF,0.04,0.04,0.07,0.33,80.8,2.3,0.04,10.42,1.79,2.23,2.23,6.07,4.79
169,Brighton and Hove Albion,Dan Burn,DF,0.04,0.04,0.07,0.33,80.8,2.3,0.04,10.42,1.79,2.23,2.23,6.07,4.79
170,Brighton and Hove Albion,Enock Mwepu,"AT,MT",0.18,0.36,0.29,1.99,75.4,1.72,1.08,20.15,2.26,1.45,2.17,1.81,1.08
171,Brighton and Hove Albion,Moises Caicedo,MT,0.14,0.14,0.15,1.36,81.8,2.86,1.23,19.23,2.73,1.64,1.77,1.5,1.5
172,Brighton and Hove Albion,Jurgen Locadia,AT,0.19,0.19,0.37,3.85,78.6,2.12,0.58,21.58,1.16,0.77,0.0,0.39,2.31
173,Wolverhampton Wanderers,Conor Coady,DF,0.11,0.0,0.05,0.19,90.1,1.18,0.03,5.28,0.83,1.18,1.71,4.02,1.04
174,Wolverhampton Wanderers,Joao Moutinho,MT,0.06,0.03,0.11,2.06,84.3,4.18,0.52,18.42,2.3,1.45,1.58,1.06,0.55
175,Wolverhampton Wanderers,Romain Saiss,DF,0.07,0.0,0.1,0.5,82.4,3.99,0.17,9.42,2.0,2.7,2.03,5.76,2.79
176,Wolverhampton Wanderers,Ruben Neves,MT,0.14,0.07,0.12,1.86,82.8,4.94,0.95,18.3,2.27,1.86,1.45,1.83,0.88
177,Wolverhampton Wanderers,Max Kilman,DF,0.03,0.0,0.03,0.3,86.7,3.08,0.44,8.04,1.78,2.14,1.74,3.95,2.88
178,Wolverhampton Wanderers,Raul Jimenez,AT,0.17,0.14,0.3,2.29,71.5,1.71,1.3,15.22,1.13,0.65,1.23,0.92,2.53
179,Wolverhampton Wanderers,Nelson Semedo,DF,0.0,0.04,0.11,1.56,78.8,3.04,1.31,16.01,2.49,1.82,1.82,2.41,0.84
180,Wolverhampton Wanderers,Leander Dendoncker,MT,0.09,0.09,0.16,1.29,87.3,1.71,0.32,20.4,2.08,1.11,2.17,1.52,1.85
181,Wolverhampton Wanderers,Rayan Ait Nouri,DF,0.05,0.1,0.1,2.17,75.2,2.41,1.97,19.79,3.74,1.87,1.67,1.58,0.98
182,Wolverhampton Wanderers,Francisco Trincao,"AT,MT",0.13,0.07,0.31,2.63,77.1,2.16,2.96,22.77,1.95,1.01,1.41,0.07,0.34
183,Wolverhampton Wanderers,Daniel Podence,"AT,MT",0.12,0.18,0.35,3.76,73.1,4.67,2.0,14.98,1.15,0.36,0.79,0.0,0.12
184,Wolverhampton Wanderers,Adama Traore,AT,0.05,0.2,0.33,3.9,72.6,2.0,5.24,11.04,0.85,0.6,0.85,0.15,0.75
185,Wolverhampton Wanderers,Jonny Castro,DF,0.18,0.0,0.18,1.58,84.3,2.72,1.05,15.38,2.37,1.14,1.67,0.62,0.97
186,Wolverhampton Wanderers,Willy Boly,DF,0.0,0.0,0.03,0.2,83.2,1.5,0.4,11.0,2.7,1.9,2.1,3.9,2.6
187,Wolverhampton Wanderers,Fabio Silva,AT,0.0,0.0,0.38,2.52,70.5,2.05,0.79,23.44,0.94,0.63,0.16,0.31,2.2
188,Wolverhampton Wanderers,Pedro Neto,"AT,MT",0.19,0.19,0.5,4.44,75.0,1.93,1.74,17.38,0.97,1.16,0.19,0.19,0.58
189,Newcastle United,Joelinton,"AT,MT",0.14,0.04,0.21,2.25,79.2,2.36,1.16,21.46,2.53,1.69,2.36,1.65,3.73
190,Newcastle United,Fabian Schar,DF,0.08,0.08,0.08,1.0,71.2,1.84,0.33,6.3,0.83,3.13,1.54,5.05,2.13
191,Newcastle United,Joe Willock,MT,0.09,0.0,0.21,2.03,80.8,1.63,1.32,23.63,3.05,1.32,1.68,0.71,0.84
192,Newcastle United,Jamaal Lascelles,DF,0.04,0.0,0.06,0.26,76.2,0.96,0.04,6.73,0.92,1.53,2.19,5.86,4.33
193,Newcastle United,Jonjo Shelvey,MT,0.09,0.05,0.08,1.91,80.2,3.18,0.41,13.03,1.27,1.59,1.27,1.5,0.59
194,Newcastle United,Miguel Almiron,"AT,MT",0.05,0.0,0.14,2.36,80.4,1.99,0.94,22.66,2.99,1.31,1.15,0.63,0.26
195,Newcastle United,Emil Krafth,DF,0.0,0.06,0.06,0.72,73.0,2.92,0.17,12.78,2.15,2.64,2.09,2.92,1.76
196,Newcastle United,Ryan Fraser,"AT,MT",0.12,0.18,0.31,2.89,69.7,1.6,0.12,10.2,0.8,0.98,0.86,0.55,0.43
197,Newcastle United,Dan Burn,DF,0.04,0.04,0.07,0.33,80.8,2.3,0.04,10.42,1.79,2.23,2.23,6.07,4.79
198,Newcastle United,Dan Burn,DF,0.04,0.04,0.07,0.33,80.8,2.3,0.04,10.42,1.79,2.23,2.23,6.07,4.79
199,Newcastle United,Matt Targett,DF,0.03,0.03,0.14,1.91,73.8,4.58,0.31,11.47,2.23,2.19,1.94,2.13,1.72
200,Newcastle United,Matt Targett,DF,0.03,0.03,0.14,1.91,73.8,4.58,0.31,11.47,2.23,2.19,1.94,2.13,1.72
201,Newcastle United,Callum Wilson,AT,0.39,0.0,0.36,1.3,69.9,0.45,0.91,12.34,0.52,0.26,0.58,0.78,1.95
202,Newcastle United,Sean Longstaff,MT,0.06,0.06,0.12,1.48,81.0,2.27,0.18,26.25,3.14,1.23,1.66,1.35,0.86
203,Newcastle United,Chris Wood,AT,0.13,0.0,0.26,1.4,57.5,1.07,0.3,14.9,0.5,0.2,0.8,0.47,8.69
204,Newcastle United,Chris Wood,AT,0.13,0.0,0.26,1.4,57.5,1.07,0.3,14.9,0.5,0.2,0.8,0.47,8.69
205,Newcastle United,Javier Manquillo,DF,0.07,0.14,0.06,0.64,73.4,1.22,0.57,12.53,2.94,1.65,2.0,2.08,1.15
206,Newcastle United,Matt Ritchie,DF,0.0,0.13,0.14,2.69,72.7,3.23,0.2,10.3,1.48,2.02,1.88,1.75,0.94
207,Newcastle United,Jacob Murphy,"AT,DF",0.06,0.12,0.31,2.75,63.6,2.14,0.92,19.55,2.51,2.02,1.89,1.22,0.79
208,Newcastle United,Ciaran Clark,DF,0.0,0.09,0.1,0.44,79.3,1.33,0.27,6.75,1.51,1.33,1.24,4.44,3.02
209,Newcastle United,Isaac Hayden,"MT,DF",0.09,0.0,0.04,0.54,80.2,0.81,0.72,17.43,3.05,1.8,1.98,2.69,2.16
210,Newcastle United,Bruno Guimaraes,MT,0.16,0.19,0.31,3.07,86.9,5.95,1.4,24.47,3.75,1.77,1.77,1.02,0.68
211,Newcastle United,Federico Fernandez,DF,0.0,0.0,0.14,0.52,85.5,1.38,0.0,5.68,0.17,2.24,1.89,3.96,1.72
212,Newcastle United,Kieran Trippier,DF,0.11,0.0,0.06,1.33,76.1,6.37,0.33,12.19,2.88,1.44,2.11,1.88,2.77
213,Crystal Palace,Marc Guehi,DF,0.06,0.03,0.07,0.59,87.5,2.77,0.34,6.23,0.92,1.62,1.28,3.99,2.37
214,Crystal Palace,Tyrick Mitchell,DF,0.0,0.06,0.05,1.19,72.9,3.86,0.44,19.82,3.13,2.29,2.21,2.47,0.96
215,Crystal Palace,Conor Gallagher,MT,0.25,0.09,0.29,2.82,76.3,1.96,1.42,24.71,2.18,1.36,1.77,0.85,1.11
216,Crystal Palace,Joachim Andersen,DF,0.0,0.09,0.08,1.02,82.5,2.87,0.19,4.85,1.11,1.85,1.27,4.81,2.59
217,Crystal Palace,Wilfried Zaha,AT,0.29,0.03,0.29,3.39,77.6,3.78,2.38,20.12,1.57,0.78,0.88,0.13,0.62
218,Crystal Palace,Joel Ward,DF,0.0,0.0,0.04,0.58,80.0,3.08,0.62,10.28,1.74,1.95,1.92,3.76,2.9
219,Crystal Palace,Jordan Ayew,AT,0.13,0.13,0.27,2.1,76.5,2.14,1.69,22.96,2.32,1.25,1.65,0.4,1.38
220,Crystal Palace,Cheikhou Kouyate,MT,0.0,0.05,0.06,0.78,83.3,1.96,0.59,17.92,2.74,2.05,2.69,2.46,2.55
221,Crystal Palace,Jeffrey Schlupp,"AT,MT",0.19,0.05,0.24,1.99,75.9,2.38,1.31,18.57,2.38,1.22,2.43,1.6,1.99
222,Crystal Palace,James McArthur,MT,0.0,0.19,0.09,1.81,83.3,4.07,1.06,23.52,2.31,2.13,2.13,2.63,2.06
223,Crystal Palace,Nathaniel Clyne,DF,0.0,0.07,0.04,0.73,78.4,1.47,0.2,8.39,1.47,2.2,0.67,2.07,0.8
224,Crystal Palace,Will Hughes,MT,0.0,0.09,0.07,1.71,81.8,2.05,0.51,18.12,2.48,1.88,2.14,1.2,1.62
225,Crystal Palace,Michael Olise,"AT,MT",0.16,0.39,0.38,3.0,72.5,5.13,1.89,18.93,1.74,1.03,1.74,0.71,0.71
226,Crystal Palace,Christian Benteke,AT,0.31,0.08,0.51,1.57,68.3,1.34,0.71,9.43,0.63,0.08,0.63,2.36,6.92
227,Crystal Palace,Eberechi Eze,"AT,MT",0.15,0.15,0.21,3.27,76.7,4.17,1.64,12.79,1.49,1.19,1.04,0.15,1.79
228,Crystal Palace,James Tomkins,DF,0.16,0.0,0.15,0.49,87.9,1.48,0.33,8.06,1.97,1.65,2.14,2.3,2.14
229,Brentford,Pontus Jansson,DF,0.08,0.03,0.09,0.41,82.0,1.44,0.08,5.53,0.98,1.87,1.52,5.64,3.55
230,Brentford,Bryan Mbeumo,AT,0.09,0.22,0.39,2.39,66.8,1.52,1.08,15.65,1.18,0.71,1.18,0.65,1.05
231,Brentford,Rico Henry,DF,0.1,0.0,0.11,1.33,72.2,2.53,0.75,12.84,1.36,1.91,2.4,2.01,1.2
232,Brentford,Ivan Toney,AT,0.22,0.15,0.43,2.48,58.8,2.38,0.68,14.14,0.96,0.65,0.96,1.33,4.64
233,Brentford,Ethan Pinnock,DF,0.03,0.03,0.09,0.67,75.9,1.94,0.17,9.39,2.1,1.87,1.64,5.85,5.04
234,Brentford,Vitaly Janelt,MT,0.16,0.0,0.19,2.08,77.0,3.76,0.67,19.07,2.43,1.72,1.68,1.33,1.49
235,Brentford,Sergi Canos,DF,0.13,0.09,0.21,1.51,60.4,3.33,1.04,19.88,2.46,1.43,1.73,1.64,0.6
236,Brentford,Kristoffer Ajer,DF,0.05,0.14,0.1,1.26,72.1,3.38,0.5,9.29,1.8,2.21,1.62,3.65,2.84
237,Brentford,Mathias Jensen,MT,0.0,0.06,0.34,3.2,72.4,3.88,0.67,25.63,1.91,1.86,1.86,0.79,0.56
238,Brentford,Yoane Wissa,"AT,MT",0.49,0.07,0.31,1.33,68.2,1.75,1.19,13.32,0.98,0.63,1.12,0.56,1.82
239,Brentford,Mads Roerslev,DF,0.07,0.07,0.09,1.16,66.9,1.89,0.22,12.56,1.89,1.52,2.25,2.18,1.16
240,Brentford,Frank Onyeka,MT,0.0,0.0,0.11,1.46,79.6,1.89,0.78,21.79,2.58,1.29,1.72,1.12,1.29
241,Brentford,Christian Eriksen,MT,0.1,0.38,0.48,5.08,74.4,6.23,0.67,14.38,1.73,0.96,1.25,1.05,0.58
242,Brentford,Shandon Baptiste,MT,0.1,0.1,0.12,1.68,83.3,2.08,1.38,20.18,0.69,2.08,1.48,1.09,1.09
243,Brentford,Saman Ghoddos,"MT,DF",0.17,0.17,0.32,4.2,67.4,3.19,0.67,19.65,2.85,1.18,2.18,2.18,1.34
244,Brentford,Charlie Goode,DF,0.0,0.0,0.1,2.4,63.3,2.4,1.0,7.2,1.6,1.0,1.0,2.4,3.8
245,Aston Villa,Matty Cash,DF,0.11,0.08,0.12,1.44,70.6,2.43,0.56,13.62,2.4,2.4,2.43,2.53,1.17
246,Aston Villa,Tyrone Mings,DF,0.03,0.08,0.08,0.73,80.5,2.12,0.25,5.73,1.02,2.2,1.95,5.11,2.68
247,Aston Villa,John McGinn,MT,0.09,0.12,0.19,2.8,75.0,4.84,1.19,16.31,3.03,1.51,1.78,1.11,0.64
248,Aston Villa,Ollie Watkins,AT,0.3,0.06,0.44,2.2,71.6,1.46,0.91,17.62,0.52,0.52,1.28,0.79,2.68
249,Aston Villa,Douglas Luiz,MT,0.07,0.1,0.15,2.49,83.3,3.35,0.5,17.37,2.12,2.02,1.46,0.96,1.23
250,Aston Villa,Ezri Konsa,DF,0.07,0.0,0.06,0.36,87.5,1.2,0.22,6.5,0.94,1.64,1.56,2.94,2.18
251,Aston Villa,Jacob Ramsey,MT,0.22,0.04,0.21,2.3,86.2,3.39,0.88,19.96,2.41,1.39,1.5,0.99,0.8
252,Aston Villa,Emi Buendia,"AT,MT",0.19,0.28,0.41,3.51,79.6,5.12,1.42,20.9,2.46,0.85,1.14,0.28,1.14
253,Aston Villa,Danny Ings,AT,0.28,0.28,0.41,1.47,67.9,1.28,0.52,18.26,1.23,0.71,1.42,0.9,1.09
254,Aston Villa,Matt Targett,DF,0.03,0.03,0.14,1.91,73.8,4.58,0.31,11.47,2.23,2.19,1.94,2.13,1.72
255,Aston Villa,Matt Targett,DF,0.03,0.03,0.14,1.91,73.8,4.58,0.31,11.47,2.23,2.19,1.94,2.13,1.72
256,Aston Villa,Philippe Coutinho,"AT,MT",0.28,0.14,0.44,3.29,82.2,4.17,2.13,13.8,1.34,0.65,1.16,0.19,0.42
257,Aston Villa,Lucas Digne,DF,0.0,0.15,0.17,2.92,74.6,3.87,0.37,11.73,1.99,2.32,2.1,2.66,1.85
258,Aston Villa,Lucas Digne,DF,0.0,0.15,0.17,2.92,74.6,3.87,0.37,11.73,1.99,2.32,2.1,2.66,1.85
259,Aston Villa,Ashley Young,"AT,DF",0.0,0.14,0.08,1.58,76.7,2.45,0.5,10.44,2.02,1.58,0.86,1.73,0.86
260,Aston Villa,Marvelous Nakamba,MT,0.0,0.0,0.01,0.6,85.3,2.69,0.7,20.81,3.09,2.29,1.59,1.59,1.1
261,Aston Villa,Calum Chambers,DF,0.09,0.0,0.05,1.26,83.3,2.97,0.09,10.61,1.98,1.26,2.88,5.93,2.88
262,Aston Villa,Calum Chambers,DF,0.09,0.0,0.05,1.26,83.3,2.97,0.09,10.61,1.98,1.26,2.88,5.93,2.88
263,Aston Villa,Leon Bailey,"AT,MT",0.12,0.24,0.26,2.48,66.5,2.37,1.66,17.15,2.25,0.35,1.54,0.35,1.06
264,Aston Villa,Axel Tuanzebe,DF,0.0,0.0,0.03,0.35,87.0,1.21,0.0,8.5,1.39,1.56,1.04,2.25,2.08
265,Southampton,Oriol Romeu,MT,0.06,0.06,0.13,2.09,82.8,3.89,0.75,17.57,2.52,2.09,1.4,1.62,2.27
266,Southampton,Mohammed Salisu,DF,0.0,0.0,0.07,0.82,77.2,3.57,0.27,11.02,2.76,2.82,2.09,5.94,3.88
267,Southampton,Jan Bednarek,DF,0.14,0.0,0.1,0.65,82.8,1.75,0.03,8.15,1.27,3.25,2.19,5.79,3.9
268,Southampton,Valentino Livramento,DF,0.04,0.04,0.14,1.63,76.5,3.27,1.31,13.57,2.21,2.98,1.84,2.0,1.1
269,Southampton,Mohamed Elyounoussi,"AT,MT",0.18,0.09,0.37,2.29,70.6,2.16,0.79,21.99,2.03,0.84,1.63,1.06,1.54
270,Southampton,Che Adams,AT,0.31,0.13,0.43,2.25,69.6,1.54,0.62,14.65,0.71,0.44,1.1,0.66,2.47
271,Southampton,Armando Broja,AT,0.27,0.0,0.38,1.69,61.9,0.82,1.41,17.13,0.77,0.59,1.0,0.36,4.28
272,Southampton,Nathan Redmond,"AT,MT",0.05,0.25,0.31,3.24,70.4,3.83,1.08,17.87,0.98,1.03,1.67,0.88,0.79
273,Southampton,Romain Perraud,DF,0.0,0.06,0.08,1.5,65.6,2.44,0.5,18.02,2.11,1.33,1.66,2.55,1.0
274,Southampton,Adam Armstrong,AT,0.13,0.13,0.38,1.85,70.8,1.66,1.21,15.22,0.64,0.57,0.64,0.38,0.89
275,Southampton,Stuart Armstrong,MT,0.12,0.0,0.25,3.12,79.4,4.15,1.59,16.25,1.59,0.86,1.04,0.92,0.31
276,Southampton,Ibrahima Diallo,MT,0.0,0.18,0.12,2.55,81.5,2.55,1.67,20.15,2.38,1.5,0.88,0.79,1.14
277,Southampton,Nathan Tella,"AT,MT",0.0,0.11,0.15,2.01,61.9,1.34,1.23,30.11,1.34,2.13,2.01,0.78,0.9
278,Southampton,Lyanco,DF,0.0,0.0,0.04,0.89,75.1,1.88,0.59,9.78,1.68,2.87,2.77,6.52,2.07
279,Southampton,Jack Stephens,DF,0.0,0.0,0.03,0.67,78.2,2.66,0.11,10.21,2.33,3.0,1.78,5.1,2.11
280,Southampton,Moussa Djenepo,MT,0.0,0.0,0.33,3.15,74.5,4.53,2.56,20.48,2.56,1.77,1.77,0.59,0.39
281,Everton,Michael Keane,DF,0.1,0.06,0.06,0.45,77.6,2.35,0.16,7.35,1.58,2.0,1.64,4.8,3.9
282,Everton,Seamus Coleman,DF,0.03,0.0,0.07,1.29,73.8,2.85,0.88,11.39,2.44,1.83,2.0,2.54,1.15
283,Everton,Abdoulaye Doucoure,MT,0.07,0.14,0.17,1.88,80.1,3.23,0.67,23.27,2.7,1.45,1.49,1.17,1.56
284,Everton,Richarlison,"AT,MT",0.25,0.18,0.37,2.21,61.8,1.21,1.18,21.05,1.43,0.75,1.71,1.14,2.03
285,Everton,Demarai Gray,"AT,MT",0.19,0.15,0.34,3.2,71.9,1.73,1.81,13.05,1.27,0.62,1.46,0.58,0.23
286,Everton,Anthony Gordon,"AT,MT",0.16,0.08,0.26,2.88,66.7,2.17,1.73,23.47,2.44,1.42,2.28,0.32,0.71
287,Everton,Allan,MT,0.0,0.08,0.05,1.32,78.3,4.37,0.66,26.72,3.17,1.73,1.9,1.65,0.49
288,Everton,Mason Holgate,DF,0.08,0.04,0.05,0.13,70.2,1.6,0.04,9.74,1.86,1.77,1.27,5.36,3.21
289,Everton,Ben Godfrey,DF,0.0,0.0,0.08,1.38,76.8,1.73,0.27,11.8,2.35,2.13,2.13,4.35,2.26
290,Everton,Alex Iwobi,"MT,DF",0.09,0.09,0.2,2.74,77.2,3.49,1.42,22.95,2.03,1.77,1.99,1.02,0.4
291,Everton,Andros Townsend,MT,0.12,0.12,0.24,3.34,70.2,2.85,1.48,18.68,1.79,1.3,2.72,0.37,0.31
292,Everton,Lucas Digne,DF,0.0,0.15,0.17,2.92,74.6,3.87,0.37,11.73,1.99,2.32,2.1,2.66,1.85
293,Everton,Lucas Digne,DF,0.0,0.15,0.17,2.92,74.6,3.87,0.37,11.73,1.99,2.32,2.1,2.66,1.85
294,Everton,Vitaliy Mykolenko,DF,0.06,0.0,0.1,0.96,73.7,2.27,0.42,13.63,2.09,2.27,2.99,2.21,0.84
295,Everton,Jonjoe Kenny,DF,0.0,0.09,0.08,1.77,74.4,2.74,0.27,12.47,1.68,2.83,1.5,1.86,1.15
296,Everton,Yerry Mina,DF,0.0,0.0,0.03,0.32,81.9,1.28,0.0,7.45,1.81,1.06,2.02,5.0,4.04
297,Everton,Salomon Rondon,AT,0.11,0.11,0.33,1.94,66.7,0.46,0.46,19.59,0.68,0.46,0.68,1.25,5.01
298,Everton,Fabian Delph,MT,0.0,0.0,0.01,0.68,85.4,3.53,0.82,17.27,2.58,2.58,1.77,1.22,0.68
299,Everton,Andre Gomes,MT,0.0,0.15,0.13,1.89,76.3,3.05,1.74,28.79,2.18,1.6,1.89,0.44,0.87
300,Everton,Donny van de Beek,MT,0.24,0.0,0.27,1.3,84.7,2.48,1.06,18.66,3.19,1.89,1.18,1.18,1.18
301,Everton,Donny van de Beek,MT,0.24,0.0,0.27,1.3,84.7,2.48,1.06,18.66,3.19,1.89,1.18,1.18,1.18
302,Everton,Dele Alli,MT,0.0,0.0,0.17,1.63,76.8,2.8,0.81,30.39,3.08,2.44,3.08,1.72,1.72
303,Everton,Dele Alli,MT,0.0,0.0,0.17,1.63,76.8,2.8,0.81,30.39,3.08,2.44,3.08,1.72,1.72
304,Everton,Moise Kean,AT,0.42,0.14,0.47,1.2,74.2,0.57,1.49,14.02,0.85,0.35,0.64,0.35,2.05
305,Leeds United,Stuart Dallas,"MT,DF",0.03,0.03,0.13,1.97,78.8,3.95,0.62,16.37,2.77,2.4,1.97,2.03,1.23
306,Leeds United,Raphael Dias Belloli,"AT,MT",0.22,0.09,0.46,3.67,63.8,5.22,1.82,17.72,1.67,1.33,1.82,0.71,0.77
307,Leeds United,Jack Harrison,"AT,MT",0.27,0.03,0.23,2.69,65.3,3.62,1.67,20.46,1.91,1.4,1.81,1.06,0.78
308,Leeds United,Daniel James,"AT,MT",0.14,0.14,0.3,2.02,65.2,1.77,0.65,22.07,1.41,0.69,0.94,0.47,0.58
309,Leeds United,Daniel James,"AT,MT",0.14,0.14,0.3,2.02,65.2,1.77,0.65,22.07,1.41,0.69,0.94,0.47,0.58
310,Leeds United,Diego Llorente,DF,0.12,0.0,0.05,0.23,82.4,2.69,0.35,13.88,2.15,2.35,2.35,4.0,2.46
311,Leeds United,Rodrigo,"AT,MT",0.2,0.04,0.35,2.9,74.5,3.02,0.6,16.57,1.03,0.76,0.6,1.07,1.15
312,Leeds United,Luke Ayling,DF,0.08,0.08,0.1,0.87,78.2,4.95,0.99,15.53,3.13,2.14,1.94,2.69,1.94
313,Leeds United,Mateusz Klich,MT,0.04,0.09,0.21,2.95,78.3,4.04,0.82,25.83,2.13,1.35,1.04,1.04,0.35
314,Leeds United,Pascal Struijk,DF,0.04,0.0,0.07,0.83,87.3,3.15,0.18,16.95,2.98,2.76,2.5,3.59,2.06
315,Leeds United,Liam Cooper,DF,0.0,0.05,0.02,0.45,85.3,2.18,0.15,9.97,1.74,1.98,1.59,5.8,4.56
316,Leeds United,Junior Firpo,DF,0.0,0.11,0.18,2.26,83.2,3.89,0.53,18.73,3.84,1.74,1.95,2.47,1.74
317,Leeds United,Kalvin Phillips,MT,0.0,0.06,0.05,1.3,81.5,4.12,0.45,28.42,3.67,1.92,2.37,1.69,1.3
318,Leeds United,Robin Koch,"MT,DF",0.0,0.0,0.07,1.03,78.0,2.12,0.23,17.1,1.77,1.94,1.89,2.63,3.09
319,Leeds United,Adam Forshaw,MT,0.0,0.06,0.09,1.59,83.7,3.59,0.53,24.0,3.0,1.76,1.12,1.12,0.76
320,Leeds United,Tyler Roberts,"AT,MT",0.09,0.09,0.34,2.55,73.8,2.19,0.82,15.41,1.55,0.64,0.91,0.73,0.91
321,Leeds United,Jamie Shackleton,"MT,DF",0.0,0.0,0.03,1.02,86.1,2.28,1.02,14.6,3.3,1.27,2.03,1.14,0.76
322,Leeds United,Patrick Bamford,AT,0.32,0.32,0.79,1.93,82.5,1.13,0.64,17.87,0.48,0.48,0.97,1.29,0.81
323,Leeds United,Joe Gelhardt,"AT,MT",0.24,0.24,0.57,2.65,67.3,2.05,1.69,24.61,1.45,0.48,0.97,0.36,0.97
324,Leeds United,Helder Costa,MT,0.0,0.08,0.17,2.61,64.6,1.66,2.21,26.61,1.97,1.03,1.42,0.71,0.63
325,Burnley,Dwight McNeil,MT,0.0,0.03,0.21,2.81,69.4,2.06,2.17,19.7,1.97,1.94,2.38,0.58,0.58
326,Burnley,James Tarkowski,DF,0.03,0.06,0.08,0.67,71.6,2.67,0.2,7.56,2.06,2.09,2.67,6.26,4.95
327,Burnley,Josh Brownhill,MT,0.06,0.09,0.12,2.01,75.6,2.8,0.46,16.45,2.22,2.41,1.55,1.49,1.71
328,Burnley,Charlie Taylor,DF,0.0,0.1,0.12,1.35,71.6,2.6,0.92,8.01,1.78,2.37,3.13,2.77,2.18
329,Burnley,Ashley Westwood,MT,0.0,0.12,0.17,2.16,70.1,4.21,0.43,17.08,1.18,1.69,0.75,0.79,0.39
330,Burnley,Ben Mee,DF,0.15,0.0,0.09,0.39,73.4,2.3,0.2,5.33,1.32,1.71,1.96,5.97,4.5
331,Burnley,Maxwel Cornet,"AT,MT",0.44,0.05,0.37,1.43,67.1,1.13,0.69,15.35,1.13,0.54,0.74,0.84,1.97
332,Burnley,Matthew Lowton,DF,0.05,0.1,0.1,1.68,68.7,4.06,0.46,9.55,2.29,1.73,2.29,3.45,1.57
333,Burnley,Jack Cork,MT,0.05,0.0,0.05,0.65,75.4,2.1,0.54,18.49,0.92,1.83,1.4,1.46,1.94
334,Burnley,Connor Roberts,DF,0.05,0.05,0.07,1.17,67.4,3.35,0.43,8.35,1.12,2.23,2.61,2.93,1.01
335,Burnley,Nathan Collins,DF,0.11,0.0,0.13,0.92,72.1,2.43,0.16,8.68,1.62,1.99,2.59,5.5,4.47
336,Burnley,Aaron Lennon,MT,0.12,0.0,0.09,1.86,66.1,0.99,0.87,20.19,2.21,0.87,1.86,0.75,0.58
337,Burnley,Wout Weghorst,AT,0.19,0.11,0.43,1.91,69.5,1.27,0.64,27.09,0.93,0.29,1.4,0.69,3.73
338,Burnley,Chris Wood,AT,0.13,0.0,0.26,1.4,57.5,1.07,0.3,14.9,0.5,0.2,0.8,0.47,8.69
339,Burnley,Chris Wood,AT,0.13,0.0,0.26,1.4,57.5,1.07,0.3,14.9,0.5,0.2,0.8,0.47,8.69
340,Burnley,Jay Rodriguez,AT,0.13,0.13,0.43,1.56,65.5,1.17,0.72,21.49,1.43,0.39,1.63,0.78,3.97
341,Burnley,Ashley Barnes,AT,0.0,0.0,0.29,2.34,65.3,2.12,0.45,17.49,1.45,0.67,0.67,0.45,4.57
342,Burnley,Erik Pieters,DF,0.0,0.12,0.12,0.86,70.3,2.71,0.37,17.63,3.45,2.84,3.08,3.33,1.6
343,Watford,Moussa Sissoko,MT,0.06,0.03,0.17,1.73,79.7,3.13,1.26,14.11,1.65,1.23,1.48,2.01,2.38
344,Watford,Emmanuel Dennis,"AT,MT",0.35,0.21,0.37,3.17,68.1,2.09,2.55,19.63,1.6,0.87,1.22,0.49,2.06
345,Watford,Craig Cathcart,DF,0.0,0.04,0.02,0.19,80.9,1.5,0.0,6.2,1.24,1.43,2.07,4.85,2.37
346,Watford,Joshua King,AT,0.16,0.12,0.42,2.4,73.9,1.2,1.44,19.46,1.24,0.48,0.84,1.08,3.72
347,Watford,Kiko Femenia,DF,0.0,0.21,0.14,1.64,71.6,3.32,0.34,9.54,1.81,2.65,1.64,2.56,0.88
348,Watford,Juraj Kucka,MT,0.05,0.05,0.19,1.73,70.0,2.67,0.98,19.83,3.47,2.16,1.83,2.34,2.58
349,Watford,Ismaila Sarr,"AT,MT",0.24,0.1,0.29,2.13,70.7,2.18,1.69,19.25,0.68,0.77,1.02,0.63,0.63
350,Watford,Tom Cleverley,MT,0.0,0.11,0.16,1.95,73.6,2.39,0.22,20.72,1.89,1.5,1.56,1.06,1.0
351,Watford,Samir Santos,DF,0.0,0.0,0.05,0.41,80.8,1.4,0.15,10.41,2.18,3.05,1.75,4.16,2.94
352,Watford,Hassane Kamara,DF,0.04,0.0,0.11,1.16,72.9,2.53,0.91,16.16,3.24,4.44,1.79,2.62,1.87
353,Watford,Imran Louza,MT,0.0,0.0,0.13,1.91,74.9,3.37,0.83,21.93,3.24,3.05,1.46,1.4,0.7
354,Watford,Joao Pedro,"AT,MT",0.16,0.05,0.37,2.68,68.9,3.07,2.79,18.45,1.2,1.04,1.53,0.99,3.39
355,Watford,Adam Masina,DF,0.0,0.08,0.09,0.92,70.4,2.67,0.67,13.54,2.01,2.59,2.42,3.43,2.51
356,Watford,Christian Kabasele,DF,0.0,0.0,0.06,0.38,78.9,1.89,0.0,6.26,0.75,1.96,2.49,4.38,3.77
357,Watford,Cucho,"AT,MT",0.39,0.16,0.35,3.14,64.5,2.59,1.8,20.4,1.26,0.86,0.94,0.78,3.06
358,Watford,Jeremy Ngakia,DF,0.0,0.0,0.06,1.2,74.4,3.09,1.0,20.13,4.09,2.89,1.59,1.99,1.89
359,Watford,Edo Kayembe,MT,0.0,0.0,0.06,1.46,85.3,3.83,0.56,14.31,2.37,1.58,1.46,2.25,1.24
360,Watford,Ken Sema,"AT,MT",0.0,0.0,0.15,2.11,62.0,0.42,1.48,20.49,1.27,0.95,1.58,1.9,1.06
361,Watford,Danny Rose,DF,0.0,0.0,0.12,1.44,66.8,4.18,1.18,11.1,3.0,1.96,1.83,1.7,0.52
362,Watford,Samuel Kalu,AT,0.16,0.16,0.25,2.62,78.7,3.27,2.45,11.13,2.13,1.15,0.82,0.65,0.65
363,Norwich City,Teemu Pukki,AT,0.22,0.08,0.33,1.66,74.5,0.66,0.83,19.42,0.66,0.47,0.58,0.11,0.44
364,Norwich City,Grant Hanley,DF,0.03,0.0,0.07,0.31,84.7,0.9,0.12,8.36,1.71,2.02,2.39,6.09,3.6
365,Norwich City,Max Aarons,DF,0.0,0.06,0.07,1.19,75.5,2.94,1.03,13.56,2.16,1.75,2.69,2.19,0.47
366,Norwich City,Kenny McLean,MT,0.03,0.0,0.09,1.13,73.8,2.76,0.57,17.16,1.36,1.83,1.06,1.83,2.86
367,Norwich City,Ben Gibson,DF,0.0,0.0,0.04,0.4,81.7,2.81,0.07,5.49,0.76,1.73,2.06,5.74,2.42
368,Norwich City,Milot Rashica,"AT,MT",0.04,0.08,0.21,2.26,63.0,1.66,0.97,13.24,1.33,1.45,1.09,0.81,0.69
369,Norwich City,Brandon Williams,DF,0.0,0.04,0.06,1.32,80.8,3.48,0.68,13.46,2.38,2.59,2.17,2.0,0.93
370,Norwich City,Billy Gilmour,MT,0.0,0.05,0.15,2.33,79.8,4.51,0.73,24.02,2.33,1.6,1.12,1.55,0.58
371,Norwich City,Mathias Normann,MT,0.05,0.11,0.15,1.86,69.0,3.67,1.09,17.73,2.08,1.37,1.42,2.35,1.75
372,Norwich City,Josh Sargent,"AT,MT",0.11,0.06,0.2,1.49,74.1,1.15,1.03,20.67,1.95,1.2,2.46,1.03,2.4
373,Norwich City,Dimitris Giannoulis,DF,0.0,0.08,0.05,1.31,73.6,3.31,2.08,15.71,3.08,2.77,2.93,2.39,0.77
374,Norwich City,Sam Byram,DF,0.0,0.0,0.1,0.96,78.2,2.19,0.18,12.18,2.45,3.33,2.72,4.47,3.07
375,Norwich City,Ozan Kabak,DF,0.0,0.0,0.02,0.98,82.4,1.76,1.37,9.18,1.27,2.15,1.85,2.83,2.83
376,Norwich City,Kieran Dowell,"AT,MT",0.1,0.1,0.32,2.27,68.7,2.37,0.39,26.64,1.68,0.89,0.99,0.2,1.28
377,Norwich City,Lukas Rupp,MT,0.0,0.0,0.22,3.16,83.2,3.39,1.52,20.13,1.17,1.99,0.94,0.47,0.7
378,Norwich City,Adam Idah,"AT,MT",0.14,0.14,0.37,1.73,67.6,1.01,1.73,13.39,1.58,0.58,0.58,1.15,2.3
